{
    "tabs": {
        "00": {
            "tab_id": "00",
            "cwd": "/workspace/shadcn-ui",
            "observer": {
                "block": "Terminal",
                "uuid": "b5061ac9-303e-4d4a-abf9-4176faa0555f",
                "enable_llm_stream": false,
                "callback_url": ""
            },
            "shell_command": [
                "bash"
            ],
            "command_terminator": "\n"
        },
        "01": {
            "tab_id": "01",
            "cwd": "/workspace/shadcn-ui",
            "observer": {
                "block": "Terminal",
                "uuid": "45ea3b27-83c0-4f45-8eda-fef743efd186",
                "enable_llm_stream": false,
                "callback_url": ""
            },
            "shell_command": [
                "bash"
            ],
            "command_terminator": "\n"
        },
        "02": {
            "tab_id": "02",
            "cwd": "/workspace/shadcn-ui",
            "observer": {
                "block": "Terminal",
                "uuid": "b67c60d8-dd03-4f18-8041-366eb4b7977e",
                "enable_llm_stream": false,
                "callback_url": ""
            },
            "shell_command": [
                "bash"
            ],
            "command_terminator": "\n"
        },
        "03": {
            "tab_id": "03",
            "cwd": "/workspace/shadcn-ui",
            "observer": {
                "block": "Terminal",
                "uuid": "2b47b6b0-7fc3-45ef-a1e8-885c9487cb05",
                "enable_llm_stream": false,
                "callback_url": ""
            },
            "shell_command": [
                "bash"
            ],
            "command_terminator": "\n"
        },
        "04": {
            "tab_id": "04",
            "cwd": "/workspace/shadcn-ui",
            "observer": {
                "block": "Terminal",
                "uuid": "e22a7dc3-5d19-4c22-93b6-4ef243ede7cf",
                "enable_llm_stream": false,
                "callback_url": ""
            },
            "shell_command": [
                "bash"
            ],
            "command_terminator": "\n"
        }
    },
    "current_tab_id": "04",
    "forbidden_commands": {
        "run preview": "Use Deployer.deploy_to_public instead.",
        "serve ": "Use Deployer.deploy_to_public instead.",
        "python -m http.server": "Use python -u -m http.server port_number instead."
    },
    "timeout": 300.0,
    "working_dir": "/workspace/shadcn-ui"
}